{"count":1,"self":964.9499136,"total":3235.2758746,"children":{"InitializeActuators":{"count":8,"self":0.0020729,"total":0.0020729,"children":null},"InitializeSensors":{"count":8,"self":0.0015048,"total":0.0015048,"children":null},"AgentSendState":{"count":1250167,"self":5.1524735999999995,"total":79.4810846,"children":{"CollectObservations":{"count":2000272,"self":50.7955936,"total":50.795593499999995,"children":null},"WriteActionMask":{"count":2000272,"self":0.5051469,"total":0.5051469,"children":null},"RequestDecision":{"count":2000272,"self":3.8376335999999998,"total":23.027870399999998,"children":{"AgentInfo.ToProto":{"count":2000272,"self":3.4929099999999997,"total":19.190236799999997,"children":{"GenerateSensorData":{"count":2000272,"self":15.6973264,"total":15.697326899999998,"children":null}}}}}}},"DecideAction":{"count":1250167,"self":2157.3586944,"total":2157.3586929,"children":null},"AgentAct":{"count":1250167,"self":32.9206848,"total":32.9347029,"children":{"AgentInfo.ToProto":{"count":672,"self":0.005912,"total":0.014017799999999999,"children":{"GenerateSensorData":{"count":672,"self":0.0081058,"total":0.0081058,"children":null}}}}},"AgentInfo.ToProto":{"count":31649,"self":0.1742355,"total":0.5479506,"children":{"GenerateSensorData":{"count":31649,"self":0.37371509999999997,"total":0.37371509999999997,"children":null}}}},"gauges":{"CarBehavior.CumulativeReward":{"count":32321,"max":69.0739441,"min":-1.23727441,"runningAverage":15.1508036,"value":15.8514977,"weightedAverage":15.1932068}},"metadata":{"timer_format_version":"0.1.0","start_time_seconds":"1774704279","unity_version":"2021.3.45f2","command_line_arguments":"C:\\Program Files\\Unity\\Hub\\Editor\\2021.3.45f2\\Editor\\Unity.exe -projectpath C:\\Users\\Athak\\MLCarDemo -acceptSoftwareTermsForThisRunOnly -useHub -hubIPC -cloudEnvironment production","communication_protocol_version":"1.5.0","com.unity.ml-agents_version":"2.3.0-exp.3","scene_name":"Static_training_level","end_time_seconds":"1774707514"}}