{"count":1,"self":1130.0880384,"total":3367.1072451,"children":{"InitializeActuators":{"count":8,"self":0.0024416,"total":0.0024416,"children":null},"InitializeSensors":{"count":8,"self":0.0020099,"total":0.0020099,"children":null},"AgentSendState":{"count":1250134,"self":5.5442735999999995,"total":85.4661838,"children":{"CollectObservations":{"count":2000216,"self":55.8310976,"total":55.831096699999996,"children":null},"WriteActionMask":{"count":2000216,"self":0.6025446,"total":0.6025446,"children":null},"RequestDecision":{"count":2000216,"self":3.9630224,"total":23.4882688,"children":{"AgentInfo.ToProto":{"count":2000216,"self":3.4302919999999997,"total":19.525246199999998,"children":{"GenerateSensorData":{"count":2000216,"self":16.0949536,"total":16.0949541,"children":null}}}}}}},"DecideAction":{"count":1250134,"self":2112.2609152,"total":2112.2609929,"children":null},"AgentAct":{"count":1250134,"self":38.9953696,"total":39.0004221,"children":{"AgentInfo.ToProto":{"count":578,"self":0.0010003,"total":0.0050533,"children":{"GenerateSensorData":{"count":578,"self":0.004053,"total":0.004053,"children":null}}}}},"AgentInfo.ToProto":{"count":20422,"self":0.090382999999999991,"total":0.2851844,"children":{"GenerateSensorData":{"count":20422,"self":0.19480139999999999,"total":0.19480139999999999,"children":null}}}},"gauges":{"CarBehavior.CumulativeReward":{"count":21000,"max":61.8245659,"min":-1.70087361,"runningAverage":16.32357,"value":12.6109753,"weightedAverage":15.69527}},"metadata":{"timer_format_version":"0.1.0","start_time_seconds":"1774714995","unity_version":"2021.3.45f2","command_line_arguments":"C:\\Program Files\\Unity\\Hub\\Editor\\2021.3.45f2\\Editor\\Unity.exe -projectpath C:\\Users\\Athak\\MLCarDemo -acceptSoftwareTermsForThisRunOnly -useHub -hubIPC -cloudEnvironment production","communication_protocol_version":"1.5.0","com.unity.ml-agents_version":"2.3.0-exp.3","scene_name":"Training_level","end_time_seconds":"1774718362"}}